{
    "N": 50,
    "k": 3,
    "seed": 493,
    "seedb": 493,
    "weighted": true,
    "W": 35.918960097840454,
    "ising_energy": -30.613594246613033,
    "maxcut_value": 33.266277172226744,
    "method": "PuLP_CBC_ILP",
    "graph_file": "/Users/guillermo.preisser/Projects/QiILS_ITensor/graphs/50/3/graph_N50_k3_seed493_seedb493_weighted.txt"
}