{
    "N": 50,
    "k": 3,
    "seed": 372,
    "seedb": 372,
    "weighted": true,
    "W": 37.440660278660786,
    "ising_energy": -34.197759643373246,
    "maxcut_value": 35.819209961017016,
    "method": "PuLP_CBC_ILP",
    "graph_file": "/Users/guillermo.preisser/Projects/QiILS_ITensor/graphs/50/3/graph_N50_k3_seed372_seedb372_weighted.txt"
}