{
    "N": 50,
    "k": 3,
    "seed": 271,
    "seedb": 271,
    "weighted": true,
    "W": 30.666046324857536,
    "ising_energy": -28.504092067494287,
    "maxcut_value": 29.585069196175912,
    "method": "PuLP_CBC_ILP",
    "graph_file": "/Users/guillermo.preisser/Projects/QiILS_ITensor/graphs/50/3/graph_N50_k3_seed271_seedb271_weighted.txt"
}