{
    "N": 50,
    "k": 3,
    "seed": 169,
    "seedb": 169,
    "weighted": true,
    "W": 30.619258644690102,
    "ising_energy": -27.516892071976404,
    "maxcut_value": 29.068075358333253,
    "method": "PuLP_CBC_ILP",
    "graph_file": "/Users/guillermo.preisser/Projects/QiILS_ITensor/graphs/50/3/graph_N50_k3_seed169_seedb169_weighted.txt"
}