{
    "N": 50,
    "k": 3,
    "seed": 196,
    "seedb": 196,
    "weighted": true,
    "W": 39.076619431642484,
    "ising_energy": -34.459953360032586,
    "maxcut_value": 36.768286395837535,
    "method": "PuLP_CBC_ILP",
    "graph_file": "/Users/guillermo.preisser/Projects/QiILS_ITensor/graphs/50/3/graph_N50_k3_seed196_seedb196_weighted.txt"
}