{
    "N": 50,
    "k": 3,
    "seed": 422,
    "seedb": 422,
    "weighted": true,
    "W": 34.880013478401466,
    "ising_energy": -29.638142354019166,
    "maxcut_value": 32.259077916210316,
    "method": "PuLP_CBC_ILP",
    "graph_file": "/Users/guillermo.preisser/Projects/QiILS_ITensor/graphs/50/3/graph_N50_k3_seed422_seedb422_weighted.txt"
}