{
    "N": 50,
    "k": 3,
    "seed": 313,
    "seedb": 313,
    "weighted": true,
    "W": 35.783645776455955,
    "ising_energy": -31.444539844499673,
    "maxcut_value": 33.614092810477814,
    "method": "PuLP_CBC_ILP",
    "graph_file": "/Users/guillermo.preisser/Projects/QiILS_ITensor/graphs/50/3/graph_N50_k3_seed313_seedb313_weighted.txt"
}