{
    "N": 50,
    "k": 3,
    "seed": 130,
    "seedb": 130,
    "weighted": true,
    "W": 39.516058366666016,
    "ising_energy": -35.741151508789414,
    "maxcut_value": 37.628604937727715,
    "method": "PuLP_CBC_ILP",
    "graph_file": "/Users/guillermo.preisser/Projects/QiILS_ITensor/graphs/50/3/graph_N50_k3_seed130_seedb130_weighted.txt"
}