{
    "N": 50,
    "k": 3,
    "seed": 190,
    "seedb": 190,
    "weighted": true,
    "W": 38.743067972392694,
    "ising_energy": -33.672162442181616,
    "maxcut_value": 36.207615207287155,
    "method": "PuLP_CBC_ILP",
    "graph_file": "/Users/guillermo.preisser/Projects/QiILS_ITensor/graphs/50/3/graph_N50_k3_seed190_seedb190_weighted.txt"
}