{
    "N": 50,
    "k": 3,
    "seed": 146,
    "seedb": 146,
    "weighted": true,
    "W": 33.657555384887914,
    "ising_energy": -29.725203046855157,
    "maxcut_value": 31.691379215871535,
    "method": "PuLP_CBC_ILP",
    "graph_file": "/Users/guillermo.preisser/Projects/QiILS_ITensor/graphs/50/3/graph_N50_k3_seed146_seedb146_weighted.txt"
}