{
    "N": 50,
    "k": 3,
    "seed": 242,
    "seedb": 242,
    "weighted": true,
    "W": 35.238760463470754,
    "ising_energy": -31.670177872534396,
    "maxcut_value": 33.454469168002575,
    "method": "PuLP_CBC_ILP",
    "graph_file": "/Users/guillermo.preisser/Projects/QiILS_ITensor/graphs/50/3/graph_N50_k3_seed242_seedb242_weighted.txt"
}