{
    "N": 50,
    "k": 3,
    "seed": 131,
    "seedb": 131,
    "weighted": true,
    "W": 41.035713818089455,
    "ising_energy": -34.520046226812475,
    "maxcut_value": 37.777880022450965,
    "method": "PuLP_CBC_ILP",
    "graph_file": "/Users/guillermo.preisser/Projects/QiILS_ITensor/graphs/50/3/graph_N50_k3_seed131_seedb131_weighted.txt"
}